serum,replicate,virus,nt50,nt50_bound
Y154d182,plate2-CGTTTAAACAATGAAG,A/India-Pune-Nivcov2221170/2022,173.4,interpolated
Y154d182,plate2-AAATCTACCGCATTAT,A/India-Pune-Nivcov2221170/2022,177.7,interpolated
Y154d182,plate2-AAATAAGTACGCAAAT,A/Niger/10217/2021,2910,interpolated
Y154d182,plate2-CATCAACCGCCATTTC,A/Niger/10217/2021,1850,interpolated
Y154d182,plate2-GAACGATTGTAATTTT,A/Niger/10217/2021,3871,interpolated
Y154d182,plate2-CTGCACGAGAGACTTC,A/Perth/1/2022,315.1,interpolated
Y154d182,plate2-TTGGGGAAATATATAA,A/Perth/1/2022,277.1,interpolated
Y154d182,plate2-AGCCCCGTGAGAAGCA,A/Perth/1/2022,203.4,interpolated
Y154d182,plate2-CACCATTAAAGAGGTA,A/SouthAfrica/R16462/2021,5118,interpolated
Y154d182,plate2-CGGCGTATCGTTCACA,A/SouthAfrica/R16462/2021,3142,interpolated
Y154d182,plate2-CTAGCAGATTGTATAA,A/SouthAfrica/R16462/2021,3010,interpolated
Y154d182,plate2-AGGTCAAGACCACAGG,A/Togo/845/2020,2414,interpolated
Y154d182,plate2-GCATGGATCCTTTACT,A/Togo/845/2020,1729,interpolated
Y154d182,plate2-TTACCGTCTACGCATA,A/Togo/845/2020,1788,interpolated
Y154d182,plate2-GATCCGTACTTTGATT,A/Belgium/H0038/2022,3106,interpolated
Y154d182,plate2-TACCGTATAATTAAAA,A/Belgium/H0038/2022,3565,interpolated
Y154d182,plate2-GCCGGAGGGCATTTTC,A/Belgium/H0038/2022,5556,interpolated
Y154d182,plate2-TGAGGATAATCACAAG,A/Michigan/45/2015,1.742e+04,interpolated
Y154d182,plate2-ACAAAGTCTCGAGAAG,A/Michigan/45/2015,7386,interpolated
Y154d182,plate2-CACCTAGGATCGCACT,A/Michigan/45/2015,5464,interpolated
Y154d182,plate2-TTGAAAAAATCATAAA,A/Michigan/45/2015,4733,interpolated
Y154d182,plate2-ATACCTCAACCTTGAA,A/Bangladesh/8036/2021,190.2,interpolated
Y154d182,plate2-ACGGGGCCCAGGTAAT,A/Bangladesh/8036/2021,208.6,interpolated
Y154d182,plate2-CAGTTCTGCGACCAGC,A/Bangladesh/8036/2021,213.2,interpolated
Y154d182,plate2-AAGAGAAATATTCGCT,A/Bangladesh/2221/2021,198.3,interpolated
Y154d182,plate2-GATAGAAATACCAGGA,A/Bangladesh/2221/2021,196.3,interpolated
Y154d182,plate2-GACAGCAATGCATACA,A/Bangladesh/2221/2021,193.1,interpolated
Y154d182,plate2-TAAGCCATAAATCAAT,A/Ghana/138/2020,3569,interpolated
Y154d182,plate2-CCAGTTCCCTTCGATG,A/Ghana/138/2020,2913,interpolated
Y154d182,plate2-GACTATGGTCTAAAAA,A/Ghana/138/2020,2941,interpolated
Y154d182,plate2-GAAGAATGGTTTTCTG,A/Togo/0304/2021,3079,interpolated
Y154d182,plate2-AGAGATAATAACAAAA,A/Togo/0304/2021,4742,interpolated
Y154d182,plate2-AACTCTAAAGATATAA,A/Togo/0304/2021,3512,interpolated
Y154d182,plate2-AGTGTCCCTAAGAGGC,A/Bangladesh/8002/2021,202.4,interpolated
Y154d182,plate2-GCAACGCCAAATAATT,A/Bangladesh/8002/2021,200.8,interpolated
Y154d182,plate2-TCTGCTAAACTAAGTA,A/Bangladesh/8002/2021,268,interpolated
Y154d182,plate2-CCTTTCTCAAAACATA,A/California/07/2009,4953,interpolated
Y154d182,plate2-GACACAGAACCCATGC,A/California/07/2009,5513,interpolated
Y154d182,plate2-CGCCTAATGTTAATAA,A/California/07/2009,3459,interpolated
Y154d182,plate2-CATGTGAATTCGCCCA,A/California/07/2009,3891,interpolated
Y154d182,plate2-AGTAAACATGCATTGG,A/Hawaii/70/2019,1932,interpolated
Y154d182,plate2-ACATGAATTCAGACGG,A/Hawaii/70/2019,3870,interpolated
Y154d182,plate2-ATAGAATCGCAAATTA,A/Hawaii/70/2019,3741,interpolated
Y154d182,plate2-TGGAATCGTCACCGAT,A/Hawaii/70/2019,4228,interpolated
Y154d182,plate2-ACATAAGAACCCTATA,A/Paris/30353/2021,1677,interpolated
Y154d182,plate2-GTTTGACAATCACTAC,A/Paris/30353/2021,1877,interpolated
Y154d182,plate2-ACATTTCCCTCGATAT,A/Paris/30353/2021,2756,interpolated
Y154d182,plate2-TCGAGAACACCCATAA,A/Cote_DIvoire/1448/2021,1792,interpolated
Y154d182,plate2-GTCCGTTGATAAAGAG,A/Cote_DIvoire/1448/2021,3522,interpolated
Y154d182,plate2-GTTAAACGATCTATAG,A/Cote_DIvoire/1448/2021,3723,interpolated
Y154d182,plate2-TCTGTTCCGGCCCGAA,A/India-PUN-NIV328484/2021,202.7,interpolated
Y154d182,plate2-GATCTAATAATACGGC,A/India-PUN-NIV328484/2021,272.9,interpolated
Y154d182,plate2-TTGTCCCGAGACAACA,A/India-PUN-NIV328484/2021,403.1,interpolated
Y154d182,plate2-ACAAAAGTACCTCTAC,A/Bangladesh/3210810034/2021,207.9,interpolated
Y154d182,plate2-AACTATAGATCTAGAA,A/Bangladesh/3210810034/2021,195.7,interpolated
Y154d182,plate2-TAGCAGATGTATCAAT,A/Togo/0274/2021,3447,interpolated
Y154d182,plate2-GTAACATTATACGATT,A/Togo/0274/2021,1857,interpolated
Y154d182,plate2-AACGAATGAATTTCTT,A/Togo/0274/2021,3662,interpolated
Y154d182,plate2-AAACTAAAAGCAAGGG,A/Paris/31196/2021,5353,interpolated
Y154d182,plate2-AGCAGCCTGAAAATAT,A/Paris/31196/2021,1910,interpolated
Y154d182,plate2-AATAAGTATACGGGAT,A/Paris/31196/2021,7764,interpolated
Y154d182,plate2-GAAGAAACTATAACCA,A/Wisconsin/588/2019,1097,interpolated
Y154d182,plate2-TATATTAGTAACATAA,A/Wisconsin/588/2019,604.6,interpolated
Y154d182,plate2-AGTCCTATCCTCAAAT,A/Wisconsin/588/2019,1537,interpolated
Y154d182,plate2-TAATAAGCCAGCAAGA,A/Brisbane/02/2018,3307,interpolated
Y154d182,plate2-TTGGGCACTAAATTAA,A/Brisbane/02/2018,5316,interpolated
Y154d182,plate2-ACGACATGATCAAACG,A/Brisbane/02/2018,4936,interpolated
Y154d182,plate2-ATCCGATTTAAAGGCA,A/Brisbane/02/2018,3852,interpolated
Y154d182,plate2-CAGCAAAAGCATCACC,A/Ghana/2080/2020,1745,interpolated
Y154d182,plate2-GTAGTGCATCATTGAT,A/Ghana/2080/2020,2728,interpolated
Y154d182,plate2-GCAATCCCGCAATTTG,A/Ghana/2080/2020,5949,interpolated
Y154d182,plate2-AACGTTAACAAATGAA,A/Michigan/19/2021,105.7,interpolated
Y154d182,plate2-AGAGAAAAAACAGTGA,A/Michigan/19/2021,344.7,interpolated
Y154d182,plate2-TAATGAGCTTTATGGT,A/Michigan/19/2021,209.6,interpolated
Y154d182,plate2-CCTCAAAATAACAAGC,A/Chester/5355/2022,189.6,interpolated
Y154d182,plate2-TCATATAAAGAAAAGG,A/Chester/5355/2022,202.8,interpolated
Y154d182,plate2-AAAAAACGCATGTAGA,A/Chester/5355/2022,214.6,interpolated
Y154d182,plate2-TACGGACATTCTTAAC,A/Sydney/43/2022,228.6,interpolated
Y154d182,plate2-TAGTATAATAGAGCAG,A/Sydney/43/2022,342.9,interpolated
Y154d182,plate2-CTATTAATCATGCAAA,A/Sydney/43/2022,198,interpolated
Y154d182,plate2-ACAATGTGACTCACCC,A/Utah/27/2022,227.5,interpolated
Y154d182,plate2-TCCTTGTAATTCAACT,A/Utah/27/2022,209.7,interpolated
Y154d182,plate2-TAAATAACTCGTATTT,A/Utah/27/2022,260.8,interpolated
Y154d182,plate2-TACTCAACAAGATAAA,A/SouthAfrica/R14850/2021,202.6,interpolated
Y154d182,plate2-AACTCCGCAGACACTG,A/SouthAfrica/R14850/2021,201,interpolated
Y154d182,plate2-GAGACGTACGAAATTA,A/SouthAfrica/R14850/2021,187.7,interpolated
Y154d182,plate2-ACAGCAAATACTCACA,A/India/Pun-NIV312851/2021,207.3,interpolated
Y154d182,plate2-GTAGCTATAACTAATA,A/India/Pun-NIV312851/2021,440.7,interpolated
Y154d182,plate2-CAAGAACCCAAATATA,A/India/Pun-NIV312851/2021,227.1,interpolated
Y154d182,plate2-CAAATATATCTTCATG,A/Newcastle/2/2022,314.2,interpolated
Y154d182,plate2-TTCACTAAGATTTCAT,A/Newcastle/2/2022,190.7,interpolated
Y154d182,plate2-GCCCAAGTAGGTGCAA,A/Newcastle/2/2022,215.5,interpolated
Y154d182,plate2-TTATGATCTAAACAGA,A/Brisbane/48/2022,193.2,interpolated
Y154d182,plate2-CCCTATGCTGCGTATT,A/Brisbane/48/2022,207.1,interpolated
Y154d182,plate2-GAGCTCTAAAGCAACA,A/Brisbane/48/2022,197.9,interpolated
Y154d182,plate2-ACCTTACTAAATCCTG,A/Nimes/871/2021,3388,interpolated
Y154d182,plate2-GTTCCTTTAAGCCAAA,A/Nimes/871/2021,2678,interpolated
Y154d182,plate2-TAATTACATTGCGGTT,A/Nimes/871/2021,4890,interpolated
Y154d182,plate2-AATGAAAGTTAGCATT,A/Belgium/H0017/2022,3724,interpolated
Y154d182,plate2-GTAAAGCAAATCCATT,A/Belgium/H0017/2022,1721,interpolated
Y154d182,plate2-ATGTCCATAAAAAATA,A/Belgium/H0017/2022,2725,interpolated
Y154d182,plate2-GGATAAGAAAACTACT,A/Washington/23/2020,653.6,interpolated
Y154d182,plate2-GAACTGGCGTCAATCA,A/Washington/23/2020,623.4,interpolated
Y154d182,plate2-ACGGAATCCCCTGAGA,A/Washington/23/2020,592.8,interpolated
Y154d182,plate2-TGGAAAAGATGTAATA,A/Norway/25089/2022,384.6,interpolated
Y154d182,plate2-GACTCAATAATCACAC,A/Norway/25089/2022,205.8,interpolated
Y154d182,plate2-CGGATAAAAATGATAT,A/Norway/25089/2022,190.8,interpolated
Y154d182,plate2-CGTAATACATTTAAGA,A/England/220200318/2022,2494,interpolated
Y154d182,plate2-GACCAACTGTGGTACA,A/England/220200318/2022,1721,interpolated
Y154d182,plate2-GCTGCGCCTAACATAA,A/England/220200318/2022,3792,interpolated
